{"cameraMode":{"drawMode":0,"name":"Shaded","section":"Shading Mode"},"sceneLighting":true,"audioPlay":false,"sceneViewState":{"showFog":true,"showMaterialUpdate":false,"showSkybox":true,"showFlares":true,"showImageEffects":true,"showParticleSystems":true,"showVisualEffectGraphs":true,"m_FxEnabled":true},"in2DMode":false,"pivot":{"x":181.9884490966797,"y":75.8921890258789,"z":-13.469390869140625},"rotation":{"x":-0.010809306055307389,"y":0.0035968555603176357,"z":-0.000038856527680763975,"w":-0.999935507774353},"size":119.51202392578125,"orthographic":false}