{"cameraMode":{"drawMode":0,"name":"Shaded","section":"Shading Mode"},"sceneLighting":true,"audioPlay":false,"sceneViewState":{"showFog":true,"showMaterialUpdate":false,"showSkybox":true,"showFlares":true,"showImageEffects":true,"showParticleSystems":true,"showVisualEffectGraphs":true,"m_FxEnabled":true},"in2DMode":false,"pivot":{"x":-0.29495176672935488,"y":-0.2365930676460266,"z":1.1813246011734009},"rotation":{"x":-0.11710777133703232,"y":0.15338726341724397,"z":-0.018310053274035455,"w":-0.9810327887535095},"size":0.8895561099052429,"orthographic":false}