{"cameraMode":{"drawMode":0,"name":"Shaded","section":"Shading Mode"},"sceneLighting":true,"audioPlay":false,"sceneViewState":{"showFog":true,"showMaterialUpdate":false,"showSkybox":true,"showFlares":true,"showImageEffects":true,"showParticleSystems":true,"showVisualEffectGraphs":true,"m_FxEnabled":true},"in2DMode":false,"pivot":{"x":196.14779663085938,"y":405.01422119140627,"z":-6.2571563720703129},"rotation":{"x":-0.010809306055307389,"y":0.0035968555603176357,"z":-0.000038856527680763975,"w":-0.999935507774353},"size":365.6666259765625,"orthographic":false}