{"cameraMode":{"drawMode":0,"name":"Shaded","section":"Shading Mode"},"sceneLighting":false,"audioPlay":false,"sceneViewState":{"showFog":true,"showMaterialUpdate":false,"showSkybox":false,"showFlares":true,"showImageEffects":true,"showParticleSystems":true,"showVisualEffectGraphs":true,"m_FxEnabled":true},"in2DMode":false,"pivot":{"x":0.4000386595726013,"y":-0.1281481385231018,"z":0.8624887466430664},"rotation":{"x":-0.14663970470428468,"y":-0.27587059140205386,"z":0.04262834042310715,"w":-0.9489884376525879},"size":1.6879973411560059,"orthographic":false}